unit_name,offer_number,Offer,b,t_s,t_e,P_min,P_max,Ramp_up,Ramp_down,Phi
CT NG 01,1,861.65,6,1,4,11.43,25.4,2.67,2.67,53.4
CT NG 01,2,861.65,6,17,20,11.43,25.4,2.67,2.67,53.4
CT NG 01,3,861.65,6,37,44,11.43,25.4,2.67,2.67,53.4
CT NG 01,4,861.65,6,61,68,11.43,25.4,2.67,2.67,53.4
CT NG 01,5,861.65,6,91,96,11.43,25.4,2.67,2.67,53.4
CT NG 11,1,1696.16,10,1,96,25,50,1.97,1.97,51.7
CT NG 21,1,3392.320068,85,1,96,20,100,6.266666667,6.266666667,52
CT NG 71,1,4806.56,111,1,96,19.81,44.02,2.67,2.67,53.1
